year,wolf population,deer harvest
2009,637,329103
2010,704,336929
2011,782,347184
2012,815,368313
2013,809,342361
2014,660,305414
2015,746,311107
2016,866,318506
2017,925,322054
2018,905,336464
2019,914,291023
2020,1195,339901
2021,1126,309392
